--------------------------------------------------------
--  File created - Sunday-April-18-2021   
--------------------------------------------------------
--------------------------------------------------------
--  DDL for Table THIRD_SEM_FACULTY
--------------------------------------------------------

  CREATE TABLE "SYSTEM"."THIRD_SEM_FACULTY" 
   (	"ID" NUMBER, 
	"OS" VARCHAR2(100 BYTE), 
	"FSDP" VARCHAR2(100 BYTE), 
	"JAVA" VARCHAR2(100 BYTE), 
	"CN" VARCHAR2(100 BYTE), 
	"COOT" VARCHAR2(100 BYTE)
   ) PCTFREE 10 PCTUSED 40 INITRANS 1 MAXTRANS 255 NOCOMPRESS LOGGING
  STORAGE(INITIAL 65536 NEXT 1048576 MINEXTENTS 1 MAXEXTENTS 2147483645
  PCTINCREASE 0 FREELISTS 1 FREELIST GROUPS 1 BUFFER_POOL DEFAULT FLASH_CACHE DEFAULT CELL_FLASH_CACHE DEFAULT)
  TABLESPACE "SYSTEM" ;
--------------------------------------------------------
--  DDL for Table THIRD_SEM
--------------------------------------------------------

  CREATE TABLE "SYSTEM"."THIRD_SEM" 
   (	"ID" NUMBER, 
	"OS" VARCHAR2(100 BYTE), 
	"FSDP" VARCHAR2(100 BYTE), 
	"JAVA" VARCHAR2(100 BYTE), 
	"CN" VARCHAR2(100 BYTE), 
	"COOT" VARCHAR2(100 BYTE)
   ) PCTFREE 10 PCTUSED 40 INITRANS 1 MAXTRANS 255 NOCOMPRESS LOGGING
  STORAGE(INITIAL 65536 NEXT 1048576 MINEXTENTS 1 MAXEXTENTS 2147483645
  PCTINCREASE 0 FREELISTS 1 FREELIST GROUPS 1 BUFFER_POOL DEFAULT FLASH_CACHE DEFAULT CELL_FLASH_CACHE DEFAULT)
  TABLESPACE "SYSTEM" ;
--------------------------------------------------------
--  DDL for Table STUDENTLOGIN
--------------------------------------------------------

  CREATE TABLE "SYSTEM"."STUDENTLOGIN" 
   (	"ID" NUMBER, 
	"USERNAME" VARCHAR2(50 BYTE), 
	"PASSWORD" VARCHAR2(30 BYTE)
   ) PCTFREE 10 PCTUSED 40 INITRANS 1 MAXTRANS 255 NOCOMPRESS LOGGING
  STORAGE(INITIAL 65536 NEXT 1048576 MINEXTENTS 1 MAXEXTENTS 2147483645
  PCTINCREASE 0 FREELISTS 1 FREELIST GROUPS 1 BUFFER_POOL DEFAULT FLASH_CACHE DEFAULT CELL_FLASH_CACHE DEFAULT)
  TABLESPACE "SYSTEM" ;
--------------------------------------------------------
--  DDL for Table STUDENTDETAILS
--------------------------------------------------------

  CREATE TABLE "SYSTEM"."STUDENTDETAILS" 
   (	"ID" NUMBER, 
	"NAME" VARCHAR2(20 BYTE), 
	"LASTNAME" VARCHAR2(20 BYTE), 
	"USERNAME" VARCHAR2(50 BYTE), 
	"PHONE" VARCHAR2(20 BYTE), 
	"GENDER" VARCHAR2(20 BYTE), 
	"CLASS" VARCHAR2(20 BYTE), 
	"PASS" VARCHAR2(20 BYTE)
   ) PCTFREE 10 PCTUSED 40 INITRANS 1 MAXTRANS 255 NOCOMPRESS LOGGING
  STORAGE(INITIAL 65536 NEXT 1048576 MINEXTENTS 1 MAXEXTENTS 2147483645
  PCTINCREASE 0 FREELISTS 1 FREELIST GROUPS 1 BUFFER_POOL DEFAULT FLASH_CACHE DEFAULT CELL_FLASH_CACHE DEFAULT)
  TABLESPACE "SYSTEM" ;
--------------------------------------------------------
--  DDL for Table SECOUND_SEM_FACULTY
--------------------------------------------------------

  CREATE TABLE "SYSTEM"."SECOUND_SEM_FACULTY" 
   (	"ID" NUMBER, 
	"DS" VARCHAR2(100 BYTE), 
	"OOP" VARCHAR2(100 BYTE), 
	"SAD" VARCHAR2(100 BYTE), 
	"DC" VARCHAR2(100 BYTE), 
	"BS" VARCHAR2(100 BYTE)
   ) PCTFREE 10 PCTUSED 40 INITRANS 1 MAXTRANS 255 NOCOMPRESS LOGGING
  STORAGE(INITIAL 65536 NEXT 1048576 MINEXTENTS 1 MAXEXTENTS 2147483645
  PCTINCREASE 0 FREELISTS 1 FREELIST GROUPS 1 BUFFER_POOL DEFAULT FLASH_CACHE DEFAULT CELL_FLASH_CACHE DEFAULT)
  TABLESPACE "SYSTEM" ;
--------------------------------------------------------
--  DDL for Table SECOUND_SEM
--------------------------------------------------------

  CREATE TABLE "SYSTEM"."SECOUND_SEM" 
   (	"ID" NUMBER, 
	"DS" VARCHAR2(100 BYTE), 
	"OOP" VARCHAR2(100 BYTE), 
	"SAD" VARCHAR2(100 BYTE), 
	"DC" VARCHAR2(100 BYTE), 
	"BS" VARCHAR2(100 BYTE)
   ) PCTFREE 10 PCTUSED 40 INITRANS 1 MAXTRANS 255 NOCOMPRESS LOGGING
  STORAGE(INITIAL 65536 NEXT 1048576 MINEXTENTS 1 MAXEXTENTS 2147483645
  PCTINCREASE 0 FREELISTS 1 FREELIST GROUPS 1 BUFFER_POOL DEFAULT FLASH_CACHE DEFAULT CELL_FLASH_CACHE DEFAULT)
  TABLESPACE "SYSTEM" ;
--------------------------------------------------------
--  DDL for Table FOURTH_SEM_FACULTY
--------------------------------------------------------

  CREATE TABLE "SYSTEM"."FOURTH_SEM_FACULTY" 
   (	"ID" NUMBER, 
	"DBMS" VARCHAR2(100 BYTE), 
	"CSC" VARCHAR2(100 BYTE), 
	"MT" VARCHAR2(100 BYTE), 
	"EC" VARCHAR2(100 BYTE), 
	"ELECTIVE" VARCHAR2(100 BYTE)
   ) PCTFREE 10 PCTUSED 40 INITRANS 1 MAXTRANS 255 NOCOMPRESS LOGGING
  STORAGE(INITIAL 65536 NEXT 1048576 MINEXTENTS 1 MAXEXTENTS 2147483645
  PCTINCREASE 0 FREELISTS 1 FREELIST GROUPS 1 BUFFER_POOL DEFAULT FLASH_CACHE DEFAULT CELL_FLASH_CACHE DEFAULT)
  TABLESPACE "SYSTEM" ;
--------------------------------------------------------
--  DDL for Table FOURTH_SEM
--------------------------------------------------------

  CREATE TABLE "SYSTEM"."FOURTH_SEM" 
   (	"ID" NUMBER, 
	"DBMS" VARCHAR2(100 BYTE), 
	"CSC" VARCHAR2(100 BYTE), 
	"MT" VARCHAR2(100 BYTE), 
	"EC" VARCHAR2(100 BYTE), 
	"ELECTIVE" VARCHAR2(100 BYTE)
   ) PCTFREE 10 PCTUSED 40 INITRANS 1 MAXTRANS 255 NOCOMPRESS LOGGING
  STORAGE(INITIAL 65536 NEXT 1048576 MINEXTENTS 1 MAXEXTENTS 2147483645
  PCTINCREASE 0 FREELISTS 1 FREELIST GROUPS 1 BUFFER_POOL DEFAULT FLASH_CACHE DEFAULT CELL_FLASH_CACHE DEFAULT)
  TABLESPACE "SYSTEM" ;
--------------------------------------------------------
--  DDL for Table FIRST_SEM_FACULTY
--------------------------------------------------------

  CREATE TABLE "SYSTEM"."FIRST_SEM_FACULTY" 
   (	"ID" NUMBER, 
	"CO" VARCHAR2(100 BYTE), 
	"CPP" VARCHAR2(100 BYTE), 
	"COSM" VARCHAR2(100 BYTE), 
	"PM" VARCHAR2(100 BYTE), 
	"CK" VARCHAR2(100 BYTE)
   ) PCTFREE 10 PCTUSED 40 INITRANS 1 MAXTRANS 255 NOCOMPRESS LOGGING
  STORAGE(INITIAL 65536 NEXT 1048576 MINEXTENTS 1 MAXEXTENTS 2147483645
  PCTINCREASE 0 FREELISTS 1 FREELIST GROUPS 1 BUFFER_POOL DEFAULT FLASH_CACHE DEFAULT CELL_FLASH_CACHE DEFAULT)
  TABLESPACE "SYSTEM" ;
--------------------------------------------------------
--  DDL for Table FIRST_SEM
--------------------------------------------------------

  CREATE TABLE "SYSTEM"."FIRST_SEM" 
   (	"ID" NUMBER, 
	"CO" VARCHAR2(100 BYTE), 
	"CPP" VARCHAR2(100 BYTE), 
	"COSM" VARCHAR2(100 BYTE), 
	"PM" VARCHAR2(100 BYTE), 
	"CK" VARCHAR2(100 BYTE)
   ) PCTFREE 10 PCTUSED 40 INITRANS 1 MAXTRANS 255 NOCOMPRESS LOGGING
  STORAGE(INITIAL 65536 NEXT 1048576 MINEXTENTS 1 MAXEXTENTS 2147483645
  PCTINCREASE 0 FREELISTS 1 FREELIST GROUPS 1 BUFFER_POOL DEFAULT FLASH_CACHE DEFAULT CELL_FLASH_CACHE DEFAULT)
  TABLESPACE "SYSTEM" ;
--------------------------------------------------------
--  DDL for Table FIFTH_SEM_FACULTY
--------------------------------------------------------

  CREATE TABLE "SYSTEM"."FIFTH_SEM_FACULTY" 
   (	"ID" NUMBER, 
	"AI" VARCHAR2(100 BYTE), 
	"SPM" VARCHAR2(100 BYTE), 
	"SAS" VARCHAR2(100 BYTE), 
	"MIS" VARCHAR2(100 BYTE), 
	"ELECTIVE" VARCHAR2(100 BYTE)
   ) PCTFREE 10 PCTUSED 40 INITRANS 1 MAXTRANS 255 NOCOMPRESS LOGGING
  STORAGE(INITIAL 65536 NEXT 1048576 MINEXTENTS 1 MAXEXTENTS 2147483645
  PCTINCREASE 0 FREELISTS 1 FREELIST GROUPS 1 BUFFER_POOL DEFAULT FLASH_CACHE DEFAULT CELL_FLASH_CACHE DEFAULT)
  TABLESPACE "SYSTEM" ;
--------------------------------------------------------
--  DDL for Table FIFTH_SEM
--------------------------------------------------------

  CREATE TABLE "SYSTEM"."FIFTH_SEM" 
   (	"ID" NUMBER, 
	"AI" VARCHAR2(100 BYTE), 
	"SPM" VARCHAR2(100 BYTE), 
	"SAS" VARCHAR2(100 BYTE), 
	"MIS" VARCHAR2(100 BYTE), 
	"ELECTIVE" VARCHAR2(100 BYTE)
   ) PCTFREE 10 PCTUSED 40 INITRANS 1 MAXTRANS 255 NOCOMPRESS LOGGING
  STORAGE(INITIAL 65536 NEXT 1048576 MINEXTENTS 1 MAXEXTENTS 2147483645
  PCTINCREASE 0 FREELISTS 1 FREELIST GROUPS 1 BUFFER_POOL DEFAULT FLASH_CACHE DEFAULT CELL_FLASH_CACHE DEFAULT)
  TABLESPACE "SYSTEM" ;
--------------------------------------------------------
--  DDL for Table FACULTYLOGIN
--------------------------------------------------------

  CREATE TABLE "SYSTEM"."FACULTYLOGIN" 
   (	"ID" NUMBER, 
	"USERNAME" VARCHAR2(50 BYTE), 
	"PASSWORD" VARCHAR2(30 BYTE)
   ) PCTFREE 10 PCTUSED 40 INITRANS 1 MAXTRANS 255 NOCOMPRESS LOGGING
  STORAGE(INITIAL 65536 NEXT 1048576 MINEXTENTS 1 MAXEXTENTS 2147483645
  PCTINCREASE 0 FREELISTS 1 FREELIST GROUPS 1 BUFFER_POOL DEFAULT FLASH_CACHE DEFAULT CELL_FLASH_CACHE DEFAULT)
  TABLESPACE "SYSTEM" ;
--------------------------------------------------------
--  DDL for Table FACULTY
--------------------------------------------------------

  CREATE TABLE "SYSTEM"."FACULTY" 
   (	"ID" NUMBER, 
	"NAME" VARCHAR2(20 BYTE), 
	"LASTNAME" VARCHAR2(20 BYTE), 
	"USERNAME" VARCHAR2(50 BYTE), 
	"PHONE" VARCHAR2(20 BYTE), 
	"GENDER" VARCHAR2(20 BYTE), 
	"ROLE" VARCHAR2(20 BYTE), 
	"PASS" VARCHAR2(20 BYTE)
   ) PCTFREE 10 PCTUSED 40 INITRANS 1 MAXTRANS 255 NOCOMPRESS LOGGING
  STORAGE(INITIAL 65536 NEXT 1048576 MINEXTENTS 1 MAXEXTENTS 2147483645
  PCTINCREASE 0 FREELISTS 1 FREELIST GROUPS 1 BUFFER_POOL DEFAULT FLASH_CACHE DEFAULT CELL_FLASH_CACHE DEFAULT)
  TABLESPACE "SYSTEM" ;
--------------------------------------------------------
--  DDL for Table CHECKASSIGNMENT
--------------------------------------------------------

  CREATE TABLE "SYSTEM"."CHECKASSIGNMENT" 
   (	"ID" NUMBER, 
	"FIRST_SEM" VARCHAR2(100 BYTE), 
	"SECOUND_SEM" VARCHAR2(100 BYTE), 
	"THIRD_SEM" VARCHAR2(100 BYTE), 
	"FOURTH_SEM" VARCHAR2(100 BYTE), 
	"FIFTH_SEM" VARCHAR2(100 BYTE)
   ) PCTFREE 10 PCTUSED 40 INITRANS 1 MAXTRANS 255 NOCOMPRESS LOGGING
  STORAGE(INITIAL 65536 NEXT 1048576 MINEXTENTS 1 MAXEXTENTS 2147483645
  PCTINCREASE 0 FREELISTS 1 FREELIST GROUPS 1 BUFFER_POOL DEFAULT FLASH_CACHE DEFAULT CELL_FLASH_CACHE DEFAULT)
  TABLESPACE "SYSTEM" ;
--------------------------------------------------------
--  DDL for Table ADMINLOGIN
--------------------------------------------------------

  CREATE TABLE "SYSTEM"."ADMINLOGIN" 
   (	"USERNAME" VARCHAR2(50 BYTE), 
	"PASSWORD" VARCHAR2(30 BYTE)
   ) PCTFREE 10 PCTUSED 40 INITRANS 1 MAXTRANS 255 NOCOMPRESS LOGGING
  STORAGE(INITIAL 65536 NEXT 1048576 MINEXTENTS 1 MAXEXTENTS 2147483645
  PCTINCREASE 0 FREELISTS 1 FREELIST GROUPS 1 BUFFER_POOL DEFAULT FLASH_CACHE DEFAULT CELL_FLASH_CACHE DEFAULT)
  TABLESPACE "SYSTEM" ;
REM INSERTING into SYSTEM.THIRD_SEM_FACULTY
SET DEFINE OFF;
Insert into SYSTEM.THIRD_SEM_FACULTY (ID,OS,FSDP,JAVA,CN,COOT) values (11952,null,null,null,null,null);
REM INSERTING into SYSTEM.THIRD_SEM
SET DEFINE OFF;
Insert into SYSTEM.THIRD_SEM (ID,OS,FSDP,JAVA,CN,COOT) values (11131,null,null,null,null,null);
Insert into SYSTEM.THIRD_SEM (ID,OS,FSDP,JAVA,CN,COOT) values (11158,null,null,null,null,null);
REM INSERTING into SYSTEM.STUDENTLOGIN
SET DEFINE OFF;
Insert into SYSTEM.STUDENTLOGIN (ID,USERNAME,PASSWORD) values (11704,'kartik777p@gmail.com','Shital@123');
Insert into SYSTEM.STUDENTLOGIN (ID,USERNAME,PASSWORD) values (11131,'shital7918@gmail.com','Shital@123');
Insert into SYSTEM.STUDENTLOGIN (ID,USERNAME,PASSWORD) values (11158,'rajeshwaree8396@gmail.com','Rajj@123');
REM INSERTING into SYSTEM.STUDENTDETAILS
SET DEFINE OFF;
Insert into SYSTEM.STUDENTDETAILS (ID,NAME,LASTNAME,USERNAME,PHONE,GENDER,CLASS,PASS) values (11704,'shital','ghatole','kartik777p@gmail.com','8675847349','female','MCA 2sem','Shital@123');
Insert into SYSTEM.STUDENTDETAILS (ID,NAME,LASTNAME,USERNAME,PHONE,GENDER,CLASS,PASS) values (11168,'shital','ghatole','kartik777p@gmail.com','8675847349','female','MCA 2sem','Shital@123');
Insert into SYSTEM.STUDENTDETAILS (ID,NAME,LASTNAME,USERNAME,PHONE,GENDER,CLASS,PASS) values (11131,'shital','ghatole','shital7918@gmail.com','7877674824','female','MCA 6sem','Shital@123');
Insert into SYSTEM.STUDENTDETAILS (ID,NAME,LASTNAME,USERNAME,PHONE,GENDER,CLASS,PASS) values (11158,'rajj','komalkar','rajeshwaree8396@gmail.com','7486528393','female','MCA 6sem','Rajj@123');
Insert into SYSTEM.STUDENTDETAILS (ID,NAME,LASTNAME,USERNAME,PHONE,GENDER,CLASS,PASS) values (11247,'dipali','dalvi','dipudalvi0105@gmail.com','8877669988','female','MCA 1sem','Password123');
Insert into SYSTEM.STUDENTDETAILS (ID,NAME,LASTNAME,USERNAME,PHONE,GENDER,CLASS,PASS) values (11727,'shital','ghatole','kartik777p@gmail.com','8957458095','female','MCA 1sem','Shital@123');
REM INSERTING into SYSTEM.SECOUND_SEM_FACULTY
SET DEFINE OFF;
Insert into SYSTEM.SECOUND_SEM_FACULTY (ID,DS,OOP,SAD,DC,BS) values (11952,null,null,null,null,null);
REM INSERTING into SYSTEM.SECOUND_SEM
SET DEFINE OFF;
Insert into SYSTEM.SECOUND_SEM (ID,DS,OOP,SAD,DC,BS) values (11131,null,null,null,null,null);
Insert into SYSTEM.SECOUND_SEM (ID,DS,OOP,SAD,DC,BS) values (11158,null,null,null,null,null);
REM INSERTING into SYSTEM.FOURTH_SEM_FACULTY
SET DEFINE OFF;
Insert into SYSTEM.FOURTH_SEM_FACULTY (ID,DBMS,CSC,MT,EC,ELECTIVE) values (11952,null,null,null,null,null);
REM INSERTING into SYSTEM.FOURTH_SEM
SET DEFINE OFF;
Insert into SYSTEM.FOURTH_SEM (ID,DBMS,CSC,MT,EC,ELECTIVE) values (11131,null,null,null,null,null);
Insert into SYSTEM.FOURTH_SEM (ID,DBMS,CSC,MT,EC,ELECTIVE) values (11158,null,null,null,null,null);
REM INSERTING into SYSTEM.FIRST_SEM_FACULTY
SET DEFINE OFF;
Insert into SYSTEM.FIRST_SEM_FACULTY (ID,CO,CPP,COSM,PM,CK) values (11952,null,null,null,null,null);
REM INSERTING into SYSTEM.FIRST_SEM
SET DEFINE OFF;
Insert into SYSTEM.FIRST_SEM (ID,CO,CPP,COSM,PM,CK) values (11131,null,null,null,null,null);
Insert into SYSTEM.FIRST_SEM (ID,CO,CPP,COSM,PM,CK) values (11158,null,null,null,null,null);
REM INSERTING into SYSTEM.FIFTH_SEM_FACULTY
SET DEFINE OFF;
Insert into SYSTEM.FIFTH_SEM_FACULTY (ID,AI,SPM,SAS,MIS,ELECTIVE) values (11952,null,null,null,null,null);
REM INSERTING into SYSTEM.FIFTH_SEM
SET DEFINE OFF;
Insert into SYSTEM.FIFTH_SEM (ID,AI,SPM,SAS,MIS,ELECTIVE) values (11131,null,null,null,null,null);
Insert into SYSTEM.FIFTH_SEM (ID,AI,SPM,SAS,MIS,ELECTIVE) values (11158,null,null,null,null,null);
REM INSERTING into SYSTEM.FACULTYLOGIN
SET DEFINE OFF;
Insert into SYSTEM.FACULTYLOGIN (ID,USERNAME,PASSWORD) values (11952,'snehalshegaonkar7@gmail.com','Snehal@123');
REM INSERTING into SYSTEM.FACULTY
SET DEFINE OFF;
Insert into SYSTEM.FACULTY (ID,NAME,LASTNAME,USERNAME,PHONE,GENDER,ROLE,PASS) values (11952,'snehal','shegonkar','snehalshegaonkar7@gmail.com','8746393038','female','MCA 6sem','Snehal@123');
Insert into SYSTEM.FACULTY (ID,NAME,LASTNAME,USERNAME,PHONE,GENDER,ROLE,PASS) values (11215,'dipali','dalvi','dipudalvi0105@gmail.com','8877669988','female','MCA 1sem','Dipa1122');
Insert into SYSTEM.FACULTY (ID,NAME,LASTNAME,USERNAME,PHONE,GENDER,ROLE,PASS) values (11234,'Mp','Jarvis','maheshpund16@gmail.com','7799885566','male','MCA 1sem','Pass1122');
REM INSERTING into SYSTEM.CHECKASSIGNMENT
SET DEFINE OFF;
Insert into SYSTEM.CHECKASSIGNMENT (ID,FIRST_SEM,SECOUND_SEM,THIRD_SEM,FOURTH_SEM,FIFTH_SEM) values (11234,'c:/checkassignment/Wipro-Elite-NLTH-Coding-Programming-Questions.pdf',null,null,null,null);
Insert into SYSTEM.CHECKASSIGNMENT (ID,FIRST_SEM,SECOUND_SEM,THIRD_SEM,FOURTH_SEM,FIFTH_SEM) values (11952,null,null,null,null,null);
REM INSERTING into SYSTEM.ADMINLOGIN
SET DEFINE OFF;
Insert into SYSTEM.ADMINLOGIN (USERNAME,PASSWORD) values ('dipudalvi0105@gmail.com','Dipali@123');
--------------------------------------------------------
--  DDL for Index SYS_C007337
--------------------------------------------------------

  CREATE UNIQUE INDEX "SYSTEM"."SYS_C007337" ON "SYSTEM"."STUDENTDETAILS" ("ID") 
  PCTFREE 10 INITRANS 2 MAXTRANS 255 COMPUTE STATISTICS 
  STORAGE(INITIAL 65536 NEXT 1048576 MINEXTENTS 1 MAXEXTENTS 2147483645
  PCTINCREASE 0 FREELISTS 1 FREELIST GROUPS 1 BUFFER_POOL DEFAULT FLASH_CACHE DEFAULT CELL_FLASH_CACHE DEFAULT)
  TABLESPACE "SYSTEM" ;
--------------------------------------------------------
--  DDL for Index SYS_C007336
--------------------------------------------------------

  CREATE UNIQUE INDEX "SYSTEM"."SYS_C007336" ON "SYSTEM"."FACULTY" ("ID") 
  PCTFREE 10 INITRANS 2 MAXTRANS 255 COMPUTE STATISTICS 
  STORAGE(INITIAL 65536 NEXT 1048576 MINEXTENTS 1 MAXEXTENTS 2147483645
  PCTINCREASE 0 FREELISTS 1 FREELIST GROUPS 1 BUFFER_POOL DEFAULT FLASH_CACHE DEFAULT CELL_FLASH_CACHE DEFAULT)
  TABLESPACE "SYSTEM" ;
--------------------------------------------------------
--  Constraints for Table STUDENTDETAILS
--------------------------------------------------------

  ALTER TABLE "SYSTEM"."STUDENTDETAILS" ADD PRIMARY KEY ("ID")
  USING INDEX PCTFREE 10 INITRANS 2 MAXTRANS 255 COMPUTE STATISTICS 
  STORAGE(INITIAL 65536 NEXT 1048576 MINEXTENTS 1 MAXEXTENTS 2147483645
  PCTINCREASE 0 FREELISTS 1 FREELIST GROUPS 1 BUFFER_POOL DEFAULT FLASH_CACHE DEFAULT CELL_FLASH_CACHE DEFAULT)
  TABLESPACE "SYSTEM"  ENABLE;
--------------------------------------------------------
--  Constraints for Table FACULTY
--------------------------------------------------------

  ALTER TABLE "SYSTEM"."FACULTY" ADD PRIMARY KEY ("ID")
  USING INDEX PCTFREE 10 INITRANS 2 MAXTRANS 255 COMPUTE STATISTICS 
  STORAGE(INITIAL 65536 NEXT 1048576 MINEXTENTS 1 MAXEXTENTS 2147483645
  PCTINCREASE 0 FREELISTS 1 FREELIST GROUPS 1 BUFFER_POOL DEFAULT FLASH_CACHE DEFAULT CELL_FLASH_CACHE DEFAULT)
  TABLESPACE "SYSTEM"  ENABLE;
--------------------------------------------------------
--  Ref Constraints for Table THIRD_SEM_FACULTY
--------------------------------------------------------

  ALTER TABLE "SYSTEM"."THIRD_SEM_FACULTY" ADD FOREIGN KEY ("ID")
	  REFERENCES "SYSTEM"."FACULTY" ("ID") ENABLE;
--------------------------------------------------------
--  Ref Constraints for Table THIRD_SEM
--------------------------------------------------------

  ALTER TABLE "SYSTEM"."THIRD_SEM" ADD FOREIGN KEY ("ID")
	  REFERENCES "SYSTEM"."STUDENTDETAILS" ("ID") ENABLE;
--------------------------------------------------------
--  Ref Constraints for Table STUDENTLOGIN
--------------------------------------------------------

  ALTER TABLE "SYSTEM"."STUDENTLOGIN" ADD FOREIGN KEY ("ID")
	  REFERENCES "SYSTEM"."STUDENTDETAILS" ("ID") ENABLE;
--------------------------------------------------------
--  Ref Constraints for Table SECOUND_SEM_FACULTY
--------------------------------------------------------

  ALTER TABLE "SYSTEM"."SECOUND_SEM_FACULTY" ADD FOREIGN KEY ("ID")
	  REFERENCES "SYSTEM"."FACULTY" ("ID") ENABLE;
--------------------------------------------------------
--  Ref Constraints for Table SECOUND_SEM
--------------------------------------------------------

  ALTER TABLE "SYSTEM"."SECOUND_SEM" ADD FOREIGN KEY ("ID")
	  REFERENCES "SYSTEM"."STUDENTDETAILS" ("ID") ENABLE;
--------------------------------------------------------
--  Ref Constraints for Table FOURTH_SEM_FACULTY
--------------------------------------------------------

  ALTER TABLE "SYSTEM"."FOURTH_SEM_FACULTY" ADD FOREIGN KEY ("ID")
	  REFERENCES "SYSTEM"."FACULTY" ("ID") ENABLE;
--------------------------------------------------------
--  Ref Constraints for Table FOURTH_SEM
--------------------------------------------------------

  ALTER TABLE "SYSTEM"."FOURTH_SEM" ADD FOREIGN KEY ("ID")
	  REFERENCES "SYSTEM"."STUDENTDETAILS" ("ID") ENABLE;
--------------------------------------------------------
--  Ref Constraints for Table FIRST_SEM_FACULTY
--------------------------------------------------------

  ALTER TABLE "SYSTEM"."FIRST_SEM_FACULTY" ADD FOREIGN KEY ("ID")
	  REFERENCES "SYSTEM"."FACULTY" ("ID") ENABLE;
--------------------------------------------------------
--  Ref Constraints for Table FIRST_SEM
--------------------------------------------------------

  ALTER TABLE "SYSTEM"."FIRST_SEM" ADD FOREIGN KEY ("ID")
	  REFERENCES "SYSTEM"."STUDENTDETAILS" ("ID") ENABLE;
--------------------------------------------------------
--  Ref Constraints for Table FIFTH_SEM_FACULTY
--------------------------------------------------------

  ALTER TABLE "SYSTEM"."FIFTH_SEM_FACULTY" ADD FOREIGN KEY ("ID")
	  REFERENCES "SYSTEM"."FACULTY" ("ID") ENABLE;
--------------------------------------------------------
--  Ref Constraints for Table FIFTH_SEM
--------------------------------------------------------

  ALTER TABLE "SYSTEM"."FIFTH_SEM" ADD FOREIGN KEY ("ID")
	  REFERENCES "SYSTEM"."STUDENTDETAILS" ("ID") ENABLE;
--------------------------------------------------------
--  Ref Constraints for Table FACULTYLOGIN
--------------------------------------------------------

  ALTER TABLE "SYSTEM"."FACULTYLOGIN" ADD FOREIGN KEY ("ID")
	  REFERENCES "SYSTEM"."FACULTY" ("ID") ENABLE;
--------------------------------------------------------
--  Ref Constraints for Table CHECKASSIGNMENT
--------------------------------------------------------

  ALTER TABLE "SYSTEM"."CHECKASSIGNMENT" ADD FOREIGN KEY ("ID")
	  REFERENCES "SYSTEM"."FACULTY" ("ID") ENABLE;
	  
	  --------------------------------------------------------
--  DDL for Sequence CNO_SEQ
--------------------------------------------------------

   CREATE SEQUENCE  "SYSTEM"."CNO_SEQ"  MINVALUE 1 MAXVALUE 10000 INCREMENT BY 1 START WITH 81 CACHE 20 NOORDER  NOCYCLE ;
--------------------------------------------------------
--  DDL for Sequence CUSTNO_SEQ
--------------------------------------------------------

   CREATE SEQUENCE  "SYSTEM"."CUSTNO_SEQ"  MINVALUE 1 MAXVALUE 10000 INCREMENT BY 1 START WITH 101 CACHE 20 NOORDER  NOCYCLE ;

